id,title,original_title,overview,release_date,popularity,vote_average,vote_count,poster_path,backdrop_path,runtime,genres,directors,cast,keywords,language
950396,峡谷,The Gorge,两名训练有素的特工被派去看守一个神秘峡谷，期间相隔两侧的两人反而越走越近。峡谷中的邪恶力量浮现后，他们必须携手合作，才能与之抗衡，生存下去。,2025-02-13,2415.786,7.8,1621,/qGnXe6idV3M35xGwkS26ztqwSdT.jpg,/9nhjGaFLKtddDPtPaX5EmKqsWdH.jpg,127,"['爱情', '科幻', '惊悚']",['斯科特·德里克森'],"['迈尔斯·特勒', '安雅·泰勒·乔伊', '西格妮·韦弗', '索佩·迪瑞苏', '威廉·休斯顿']","['canyon', 'fog', 'romance', 'tower', 'elite sniper', 'lighthearted', 'snipers', 'romantic', 'foreboding', 'ridiculous', 'long-term observation']",en
1126166,插翅难飞,Flight Risk,万尺高空之中，小型飞机舱内，警察、证人、杀手，三人困兽厮杀。女警官（米歇尔・道克瑞 饰）奉命押送污点证人（托弗・格雷斯 饰）飞往纽约对黑帮家族犯罪进行指控。航程途中，她发现飞行员（马克・沃尔伯格 饰）竟是被黑帮家族指派来暗杀污点证人的杀手！内有杀手潜伏，外有空中险情，谁能逃出这班灭口杀“机”？,2025-01-22,2237.728,6.1,364,/qMOOPtE2SgFMxFePEOhQGyN3ru1.jpg,/gFFqWsjLjRfipKzlzaYPD097FNC.jpg,91,"['动作', '惊悚', '犯罪']",['梅尔·吉布森'],"['马克·沃尔伯格', '米歇尔·道克瑞', '托弗·戈瑞斯', '利亞·萊梅尼', '保罗·本-维克多']","['airplane', 'pilot', 'flight', 'airplane accident', 'amused']",en
939243,刺猬索尼克3,Sonic the Hedgehog 3,前所未有的劲敌“暗影”（基努·里维斯 Keanu Reeves 配音）高能袭来，轻松击败索尼克（本·施瓦茨 Ben Schwartz 配音）和他的伙伴纳克鲁斯（伊德里斯·艾尔巴 Idris Elba 配音），索尼克只好去找昔日老对手蛋头博士（金·凯瑞 Jim Carrey 饰）共同联手对抗“暗影”，而退休的蛋头博士已日渐发福，他们能否联手抗敌？,2024-12-19,1767.798,7.743,2058,/9EiBEfil3Payh16bmWYKtFYmuOe.jpg,/zOpe0eHsq0A2NvNyBbtT6sj53qV.jpg,110,"['动作', '科幻', '喜剧', '家庭']",['杰夫·福勒'],"['金·凯瑞', '本·施瓦茨', '基努·里维斯', '伊德瑞斯·艾尔巴', '科琳·欧肖内希']","['moon', 'sequel', 'based on video game', 'burlesque', 'dual role', 'aftercreditsstinger', 'duringcreditsstinger', 'hedgehog', 'live action and animation', 'grandfather grandson relationship', 'animal human friendship', 'anthropomorphic animal', 'loss and grief', 'amused', 'cliché', 'complicated', 'sceptical', 'sonic cinematic universe', 'sonic adventure 2']",en
762509,狮子王：木法沙传奇,Mufasa: The Lion King,讲述荣耀大地上最伟大的国王之一的崛起之路，回到大草原上看拉飞奇跟辛巴与娜娜的女儿琪拉雅讲述她爷爷的故事。,2024-12-18,1748.094,7.467,1519,/c2wpotRQdZeGoaoJQzr7MQpJBjE.jpg,/1w8kutrRucTd3wlYyu5QlUDMiG1.jpg,118,"['冒险', '家庭', '动画']",['巴里·詹金斯'],"['亚伦·皮埃尔', '小凯尔文·哈里森', '蒂凡尼·布恩', '卡吉索·莱迪加', '普雷斯顿·尼曼']","['friendship', 'paradise', 'lion', 'musical', 'prequel', 'jungle', 'told in flashback', 'betrayal by friend', 'chance meeting', 'live action remake', 'found family', 'lost', 'ambivalent']",en
1241982,海洋奇缘2,Moana 2,在祖灵突如其来的呼唤之下，莫阿娜（奥丽伊·卡瓦洛 Auli'i Cravalho 配音）、毛伊（道恩·强森 Dwayne Johnson 配音）和新船员们将启程航向大洋洲的彼端，一路深入危险未知的海域，面对一场前所未见的新冒险。,2024-11-21,1601.129,7.153,1768,/vyAk20KmD0GVp95ZcOgDkoXKq30.jpg,/zo8CIjJ2nfNOevqNajwMRO6Hwka.jpg,100,"['动画', '冒险', '家庭', '喜剧']","['小戴夫·德里克', '杰森·汉德', '达娜·莱杜克斯·米勒']","['奥丽伊·卡瓦洛', '道恩·强森', '华拉莱·钟', '罗丝·马塔费奥', 'David Fane']","['sea', 'ocean', 'villain', 'musical', 'sequel', 'duringcreditsstinger']",en
1064213,阿诺拉,Anora,阿诺拉是布鲁克林的性工作者，她邂逅了一个商界寡头的儿子并在冲动之下嫁给了他，这让她以为自己像灰姑娘一样终于遇到自己的王子。然而当结婚消息传到了俄罗斯，男方父母来到纽约取消婚姻，破灭了的阿诺拉的童话。,2024-10-14,1423.352,7.1,1335,/nxzha8L47GbECG3didOY3e3jnEs.jpg,/kEYWal656zP5Q2Tohm91aw6orlT.jpg,139,"['剧情', '喜剧', '爱情']",['肖恩·贝克'],"['米奇·麦迪逊', '马克·埃德尔斯坦', '尤里·鲍里索夫', '卡伦·卡拉古利安', '瓦谢·托夫马西扬']","[""new year's eve"", 'new york city', 'marriage', 'boardwalk', 'baptism', 'strip club', 'coney island', 'female protagonist', 'mansion', 'class differences', 'las vegas', 'lap dance', 'home invasion', 'drunk', 'brooklyn, new york city', 'screwball comedy', 'new york subway', 'hedonism', 'immaturity', 'city hall', 'exotic dancer', 'sex worker', 'naive children', 'meddling parents', 'annulment', 'strip show', 'russian oligarch', 'sex', 'party', 'vegas wedding', 'romantic dramedy', 'cinderella story', 'disgusted', 'female nudity', 'brighton beach']",en
823219,猫猫的奇幻漂流,Straume,世界似乎即将毁灭，到处都是人类的遗迹。一只猫的家园被一场大洪水摧毁，它在一艘载满了不同动物的船上找到了避难所。尽管它们之间存在差异，但它必须与它们合作，面临各种未知的挑战。,2024-08-29,1168.724,8.3,1301,/dJqg38nFyhxfSttnwE3g7x8aRSw.jpg,/b3mdmjYTEL70j7nuXATUAD9qgu4.jpg,85,"['动画', '奇幻', '冒险']",['金兹·兹巴洛迪斯'],[],"['ocean', 'cat', 'boat', 'dystopia', 'dog', 'golden retriever', 'flood', 'lemur', 'bird', '3d animation', 'fantasy', 'capybara', 'adventure']",lv
822119,美国队长4,Captain America: Brave New World,能够展翅高飞的猎鹰山姆·威尔逊受史蒂夫·罗杰斯的信任所托，接过盾牌，正式成为美国队长。在与美国总统塔迪厄斯·罗斯）会面后，山姆发现自己被卷入了一场国际事件。他必须赶在真正的幕后黑手让全世界陷入混乱之前查明真相，揭露这起波及全球的阴谋。,2025-02-12,1167.724,6.2,851,/qp7WNCVAkS0nQu7RXrAzfYqDuNP.jpg,/qfAfE5auxsuxhxPpnETRAyTP5ff.jpg,119,"['动作', '惊悚', '科幻']",['朱利叶斯·约拿'],"['安东尼·麦凯', '哈里森·福特', '丹尼·拉米雷斯', '希拉·哈斯', '提姆·布雷克-尼爾森']","['hero', 'superhero', 'revenge', 'aftercreditsstinger', 'marvel cinematic universe (mcu)', 'sidekick', 'assassination attempt', 'political thriller', 'treaty', 'international relations']",en
927342,老兵,அமரன்,　一名军官带领他的战士前往战斗，并用他的勇气带给战友们力量。,2024-10-31,1149.078,7.4,178,/eCB06m1KUGilEOlIzb40nkQhVY0.jpg,/7cNE2qydew1c8fqnlhWjkE3DHc2.jpg,169,"['动作', '剧情', '冒险', '战争']",['Rajkumar Periasamy'],"['斯瓦卡蒂恩', '赛·帕拉维', 'Rahul Bose', 'Bhuvan Arora', 'Lallu Prasath']","['based on novel or book', 'affectation', 'based on true story', 'martyr', 'indian army', 'counterterrorism', 'loving', '2010s', 'indian history', 'admiring', 'hopeful', 'based on real person', 'ashoka chakra', 'indian military']",ta
1084199,完美伴侣,Companion,讲述了一个迷人而又变态的人和一个被他玩弄于股掌之间的女人之间扣人心弦的故事。,2025-01-22,1100.064,7.067,633,/gDr3gQme9seqs9inYpewleZXe3A.jpg,/sc1abgWNXc29wSBaerrjGBih06l.jpg,97,"['恐怖', '科幻', '惊悚']",['Drew Hancock'],"['苏菲·撒切尔', '杰克·奎德', '卢卡斯·盖奇', '梅根·苏里', '哈维尔 吉伦']","['artificial intelligence (a.i.)', 'cabin', 'robot', 'boyfriend girlfriend relationship', 'robot girl', 'weekend getaway', 'human android relationship', 'toxic relationship', 'incel', 'toxic masculinity', 'abusive relationship', 'malfunctioning android', 'white privilege', 'sentient machine', 'intense', 'sinister', 'sci-fi horror', 'human vs machines', 'cybernetics', 'android horror']",en
1160956,熊猫计划,熊猫计划,紧急！一场针对国宝熊猫的绑架计划悄然开启。国际动作巨星Jackie（成龙 饰）、经纪人大卫（魏翔 饰）、熊猫保育员苏小竹（史策 饰）意外触发保护熊猫任务，与国际犯罪集团展开一场你争我夺的守护计划！在这场惊心动魄又啼笑皆非的冒险中，他们要如何化险为夷？,2024-10-01,883.961,7.1,146,/rO62kjEpxKoi22euZlM11o2hRJe.jpg,/u7AZ5CdT2af8buRjmYCPXNyJssd.jpg,99,"['动作', '喜剧']",['张栾'],"['成龙', '史策', '魏翔', '韩彦博', '芮丹尼']","['assistant', 'zoo', 'panda', 'superstar', 'rescue operation', 'cliché', 'international superstar']",zh
539972,猎人克莱文,Kraven the Hunter,少年谢尔盖·克拉维诺夫的父亲崇尚“强者为王”，对后代施行野蛮残酷的狼性教育，而在一次狩猎之中，经历野生雄狮袭击的谢尔盖被父亲抛弃。他在濒死之际意外因为狮子血液而产生变异，成为拥有超常力量的猎人克莱文，从此踏上向父亲复仇之路，而犀牛人的出现，似乎也预示了更大的阴谋。,2024-12-11,761.694,6.7,1341,/64jZ7PCr9l4pGnBEyGy3pTLqy4i.jpg,/v9Du2HC3hlknAvGlWhquRbeifwW.jpg,127,"['动作', '冒险', '惊悚']",['J.C.陈多尔'],"['亚伦·泰勒-约翰逊', '阿丽亚娜·德博斯', '弗雷德·海辛格', '亚历桑德罗·尼沃拉', '克里斯托弗·阿博特']","['hunter', 'superhero', 'villain', 'based on comic', 'supervillain', 'antihero', 'intense']",en
912649,毒液：最后一舞,Venom: The Last Dance,毒液和埃迪迎来至暗时刻。一边是人类神秘组织的穷追猛打，一边是外星共生体大军入侵地球，他们一心同体，花式解锁海陆空作战新形态。面对两边的疯狂追捕，这对亡命搭档将被迫做出毁灭性决定，为他们的最后一舞拉下帷幕。,2024-10-22,761.459,6.791,2958,/uW32cpD3ALvYfzVXEbWFnoW7d4O.jpg,/vZG7PrX9HmdgL5qfZRjhJsFYEIA.jpg,109,"['动作', '科幻', '冒险']",['凯莉·马塞尔'],"['汤姆·哈迪', '切瓦特·埃加福特', '朱诺·坦普尔', '瑞斯·伊凡斯', '斯蒂芬·格拉汉姆']","['hero', 'superhero', 'anti hero', 'villain', 'alien life-form', 'based on comic', 'sequel', 'aftercreditsstinger', 'woman director', 'modest']",en
549509,粗野派,The Brutalist,故事围绕匈牙利出生的犹太建筑师拉斯洛·托斯与妻子埃尔兹贝特展开。他们在二战后逃离欧洲，前往美国重启他们的事业，并见证了现代美国的诞生。然而他们的生活被一名神秘而富有的客户改变了。,2024-12-20,754.805,7.075,711,/eWqcmFJMt3ib7AMOHl1PQQUjrVG.jpg,/hmZnqijPaaACjenDkrbWcCmcADI.jpg,215,['剧情'],['布拉迪·科贝特'],"['阿德里安·布罗迪', '菲丽希缇·琼斯', '盖·皮尔斯', '乔·阿尔文', '拉菲·卡西迪']","['new york city', 'immigrant', 'prostitute', 'husband wife relationship', 'philadelphia, pennsylvania', 'venice, italy', 'library', 'capitalism', 'pennsylvania, usa', 'drug addiction', 'world war ii', 'architect', 'american dream', 'exploitation', 'train accident', 'mute', 'holocaust (shoah) survivor', 'architecture', 'orphan', 'niece', 'single father', 'handjob', 'death of mother', 'statue of liberty', 'post world war ii', 'cousin cousin relationship', 'heroin addict', 'renovation', 'sexual assault', 'woman in wheelchair', 'ellis island', 'carrara', '1940s', '1980s', '1950s', 'male domination', 'brutalist', 'train station', 'jewish', 'jews', 'hungarian']",en
933260,某种物质,The Substance,曾经红极一时的好莱坞巨星伊丽莎白无法面对自己老去的容颜，决定使用一种名为“完美物质”的黑市药物，透过注射药物的细胞复制物质，创造出更年轻、更好的另一个自己。“年华老去”及“年轻貌美”的自己该如何共存？会是更强烈的容貌焦虑大战？还是要不断迎合大众对“美”的期待？一场自我身体主导权的争夺战即将上演……,2024-09-07,722.223,7.132,4059,/taFjgH3XPI5Y7Ak80eLpT7MVQx4.jpg,/bVSOgrxasVJF6V71T7v2KfBRSzu.jpg,141,"['恐怖', '科幻']",['科拉莉·法尔雅'],"['黛米·摩尔', '玛格丽特·库里', '丹尼斯·奎德', '爱德华·汉密尔顿-克拉克', '戈尔·艾布拉姆斯']","[""new year's eve"", 'capitalism', 'black market', 'identity', 'beauty', 'satire', 'aging', 'celebrity', 'female protagonist', 'los angeles, california', 'has been', 'aerobics', 'disfigurement', 'woman director', 'disturbed', 'beauty standards', 'insecure woman', 'toxic masculinity', 'drug', 'body horror', 'youth', 'actress']",en
558449,角斗士2,Gladiator II,故事延续前作，路奇乌斯（保罗·麦斯卡 Paul Mescal 饰）童年时亲眼目击受万人景仰的英雄马克西蒙斯死于舅舅之手，多年后已长大成人的他，在暴君的铁腕统治下，被迫进入竞技场为生存而战。心中充满怒火的路奇乌斯，眼见罗马帝国的未来岌岌可危，决心讨回本属于他的权力和荣誉 ，还罗马人民一个辉煌的罗马。,2024-11-13,662.638,6.8,2942,/5viXivrFuYRqztTsuTzwl3dXK16.jpg,/bHeUgZKqduubnNl8GshjrpHS9lF.jpg,148,"['动作', '冒险', '剧情']",['雷德利·斯科特'],"['保罗·麦斯卡', '丹泽尔·华盛顿', '佩德罗·帕斯卡', '康妮·尼尔森', '约瑟夫·奎恩']","['epic', 'gladiator', 'roman empire', 'ancient rome', 'sequel', 'evil tyrant', 'sword and sandal', 'sword fighting', 'second part']",en
774370,神探狗狗,Dog Man,当一只忠实的警犬和他的人类警官主人在工作中一起受伤时，一场脑筋急转弯但挽救生命的手术将他们俩融合在一起，Dog Man 诞生了。Dog Man 发誓要保护和服务——拿起、坐下和翻身。当 Dog Man 接受他的新身份并努力给他的酋长留下深刻印象时，他必须阻止猫科动物超级恶棍 Petey the Cat 的非常邪恶的阴谋。,2025-01-24,626.647,7.7,136,/89wNiexZdvLQ41OQWIsQy4O6jAQ.jpg,/iXU87IdtNsYt7n6OigPJBDdbFf1.jpg,89,"['家庭', '动画', '喜剧', '动作']",['Peter Hastings'],"['Peter Hastings', '皮特·戴维森', '里尔·莱尔·哈瓦瑞', '艾拉·菲舍尔', 'Lucas Hopkins Calderon']","['villain', ""based on children's book"", 'police dog', 'human animal hybrid']",en
974576,秘密会议,Conclave,红衣主教劳伦斯（拉尔夫·费因斯 Ralph Fiennes 饰）要负责世界上最秘密、最古老的活动：选择新的教皇。而他发现自己处在一起阴谋的正中心，可能撼动教会最深的根基。,2024-10-25,611.233,7.1,1513,/1BWhKsbUTiBD0WQhrOfQlU6zrc5.jpg,/tkRDTu9hyWgaBSSzfkYDCZYd1kV.jpg,120,"['剧情', '惊悚']",['爱德华·伯杰'],"['拉尔夫·费因斯', '斯坦利·图奇', '约翰·利思戈', '伊莎贝拉·罗塞里尼', '卢西安·马萨麦提']","['vatican', 'religion', 'election', 'transsexual', 'catholic church', 'lgbt', 'catholicism', 'cardinal', 'papal conclave']",en
1064486,蜗牛回忆录,Memoir of a Snail,喜欢收集蜗牛的女孩格蕾丝（莎拉·斯努克 Sarah Snook 配音）在被迫与双胞胎吉尔伯特（柯蒂·斯密特-麦菲 Kodi Smit-McPhee 配音）分开后，结识了古怪的老奶奶萍奇（杰基·韦佛 Jacki Weaver 配音），逐渐找到新的希望和快乐。,2024-10-17,592.532,7.8,231,/lWh5OlerPR1c1cfn1ZLq0lpqFds.jpg,/jl2YIADk391yc6Qjy9JhgCRkHJk.jpg,95,"['动画', '剧情', '喜剧']",['亚当·艾略特'],"['莎拉·史努克', '柯蒂·斯密特-麦菲', '杰基·韦佛', '玛格达·苏班斯基', '多米尼克·皮诺']","['difficult childhood', 'death of father', 'stop motion', 'adult animation', 'death in childbirth', 'broken family', 'aggressive', 'brother sister relationship', 'snail', 'depressing']",en
426889,蒂蒂有话说,Le Clitoris,女人幸运地拥有一个器官，这个器官只是为了快乐而存在，这个器官就是阴蒂！这个动画短片通过幽默的方式讲解阴蒂的解剖学和历史故事。,2016-06-18,575.704,7.1,36,/p5i1yyQW6OpLfB59w7ZkX5lvBqD.jpg,/aLhtnH4pKHnD02ZfBGm2djwlNBH.jpg,3,"['动画', '纪录']",['Lori Malépart-Traversy'],['Lori Malépart-Traversy'],"['sex education', 'female sexuality', 'short film']",fr
1188104,ปล้นทะลุไมล์,ปล้นทะลุไมล์,,2023-11-09,538.485,8.4,13,/2qAv3Oo5akuJgZUzMzBNamfcO1j.jpg,/aqMBEpd4kC8GpUg6761qFPkvQuS.jpg,75,"['动作', '犯罪']",['Sor Sangchai'],"['จิรายุ ละอองมณี', 'Wawaa Nichari Chokprajakchat', 'Chaleeda Gilbert', 'Assaree Wattanayakun', 'Ratchanont Suprakob']","['robber', 'extreme']",th
926670,亨利危险：电影,Henry Danger: The Movie,Henry Hart遇到了一个渴望与Kid Danger一起打击犯罪的超级粉丝，他拥有一个可以打开替代现实的设备。面对狂野的旅程，亨利需要他最好的朋友贾斯珀和他的新超级粉丝伙伴找到出路，否则将永远被困在另一个维度。,2025-01-17,532.494,8.3,147,/dFWj2rOGsqSIX1PHFghbCBgpMnk.jpg,/x8Kdi1OJbewkeGuijcSmUWrYyk2.jpg,86,"['动作', '喜剧', '家庭', '科幻']",['Joe Menendez'],"['杰斯·诺曼', 'Sean Ryan Fox', '艾拉·安德森', '迈克尔·科恩', '弗兰基·格兰德']","['superhero', 'supervillain', 'based on tv series']",en
1249289,警报战,Alarum,在中央情报局发现两名流氓间谍的下落后，他们不仅离开了网络，而且结为夫妻，所有的地狱都被一个国际间谍组织联盟释放到他们冬季蜜月的树林小屋度假胜地，他们想要一颗“飞行丸”，又名硬盘，他们都怀疑这两人可能加入了一个被称为“阿拉拉姆。 https://justwatch.pro/movie/1249289/alarum,2025-01-16,527.722,5.774,217,/v313aUGmMNj6yNveaiQXysBmjVS.jpg,/qSOMdbZ6AOdHR999HWwVAh6ALFI.jpg,95,"['动作', '犯罪', '惊悚']",['Michael Polish'],"['斯科特·伊斯特伍德', '西尔维斯特·史泰龙', '薇拉·菲茨杰拉德', '麦克·寇特', '唐纳德·沃伦 莫菲特']",['https://justwatch.pro/movie/1249289/alarum'],en
402431,魔法坏女巫,Wicked,因绿色皮肤而备受误解的艾芙芭与光彩夺目、野心勃勃的格琳达在西兹大学结识，性格迥异的二人却建立起了深厚的友谊。然而，随着与奥兹国大巫师的邂逅，她们的友谊走向十字路口，二人面临着截然不同的命运之路。,2024-11-20,525.093,6.901,1868,/ulndWLXN8DJWVkC6BtPPU3P7SQ9.jpg,/uKb22E0nlzr914bA9KyA5CVCOlV.jpg,161,"['剧情', '爱情', '奇幻']",['朱浩伟'],"['辛西娅·埃里沃', '爱莉安娜·格兰德', '杰夫·高布伦', '杨紫琼', '乔纳森·贝利']","['witch', 'dancing', 'based on novel or book', 'college', 'wish', 'musical', 'female friendship', 'bullying', 'based on play or musical', 'celebrity', 'prequel', 'singer', 'singing', 'corrupt politician', 'death in childbirth', 'fantasy world', 'wizard', 'gravity', 'discrimination', 'ostracism', 'woman in wheelchair', 'musical comedy', 'sister sister relationship', 'belonging', 'pathetic', 'fantasy', 'romantic fantasy', 'fantasy comedy', 'frustrated']",en
696506,编号17,Mickey 17,个出乎意料的英雄米奇·巴恩斯（罗伯特·帕丁森 Robert Pattinson 饰），他发现自己陷入了一个极不寻常的处境：为了完成雇主的要求，他必须不断经历死亡，才能换取重生。  　　当还没死的米奇17号遇上米奇18号，他们将碰撞出怎样的火花?,2025-02-28,491.159,7.521,25,/fLI13fvViB6T2Nzm02Bo8m5u1Sd.jpg,/2P0PUkQ1tNHNYTEmtbBmM8MfXBG.jpg,134,"['科幻', '喜剧', '剧情', '冒险', '动作']",['奉俊昊'],"['罗伯特·帕丁森', '娜奥米·阿基', '史蒂文·元', '托妮·科莱特', '马克·鲁法洛']","['based on novel or book', 'space travel', 'space colony', 'alien planet', 'creature', 'space adventure', 'satirical', 'human cloning', 'farcical', 'scathing', 'space sci-fi', 'black comedy']",en
1201012,新婚乐逃逃,धूम धाम,新婚之夜，这对古灵精怪的夫妇被卷入一场混乱的追逐，在寻找神秘“查理”的疯狂行动中躲避暴徒和警察。,2025-02-13,485.258,6.5,22,/d7G2Ld4ICqIPK8DEKTNEN7YV5w3.jpg,/l2QSVFR5aLcW1Vl4cGKrQkEp6fY.jpg,109,"['喜剧', '爱情', '动作']",['Rishab Seth'],"['亚米·高塔姆', 'Pratik Gandhi', 'Eijaz Khan', 'Mukul Chadda', 'Pavitra Sarkar']",['bollywood'],hi
1357633,我独自升级：二次觉醒,俺だけレベルアップな件 -ReAwakening-,在连接各个世界的“门”出现、唤醒拥有超能力的“猎人”十多年后，最弱的猎人成振宇（音译，Sung Jinwoo）遭遇了一个双重地牢并接受了一个神秘任务，成为了唯一能够升级的人，从而改变了自己的命运。这是一次重要的剧迷影院体验，包含第一季的剧情回顾以及备受期待的第二季前两集的独家先睹为快内容。,2024-11-26,483.258,6.8,158,/juBkVIeXLaoqQJjB0qPlHnYgviY.jpg,/hlfu6g0h0D65SjkVhQBU20zePTl.jpg,121,"['动作', '冒险', '奇幻', '动画']",['中重俊祐'],"['坂泰斗', '中村源太', '三川华月', '上田丽奈', '平川大辅']","['based on novel or book', 'based on comic', 'compilation', 'edited from tv series', 'anime', 'based on webcomic or webtoon']",ja
1138749,岛屿,The Island,当他的兄弟被杀后，洛杉矶警察局警官马克离开这座城市，回到他长大的岛屿。为了寻找答案并最终报仇，他很快发现自己陷入了与占领岛屿天堂的腐败大亨的血腥战斗中。,2023-07-21,466.579,6.1,68,/ajb1rMiorchfRemYHZCkbV9DBg6.jpg,/rp49ILheIhBwHWiQUvDfVH1fPfI.jpg,93,"['动作', '犯罪', '惊悚']",['Shaun Paul Piccinino'],"['麦可·杰·怀特', '杰克逊·拉斯伯恩', 'Gillian White', 'Edoardo Costa', 'Wayne Gordon']",['depressing'],en
1294203,我的错误：伦敦版,My Fault: London,18岁的诺亚从美国搬到了伦敦，因为她的母亲最近爱上了一位英国富商，威廉。诺亚见到了威廉的儿子，坏男孩尼克，并很快发现他们之间有种让彼此无法抗拒的吸引力。花了一整个夏天适应新生活的诺亚，将会在她第一次坠入爱河之际，猝不及防地迎来她那令人绝望的过去。,2025-02-12,460.662,7.5,279,/oIl08S3REl047mI7An4G28RSPi2.jpg,/uJK0jjJ8QDOQw5lcNBwu059ht4D.jpg,119,"['爱情', '剧情']","['Dani Girdwood', 'Charlotte Fassler']","['Asha Banks', 'Matthew Broome', '伊芙·麦克林', '雷·费隆', 'Enva Lewis']","['based on novel or book', 'release from prison', 'estranged father']",en
1184918,荒野机器人,The Wild Robot,改编自皮特·布朗的同名畅销书，聚焦机器人萝斯（露皮塔·尼永奥 Lupita Nyong'o 配音）的冒险之旅。她因一场意外漂流到了孤岛，偏离了程序预设的发展轨道，不得不面对险恶的生存环境，并试图与充满戒备和敌意的野生动物建立关系。随着萝斯遇到了一只小灰雁（基特·康纳 Kit Connor 配音）并成为了他的“妈妈”，她逐渐在这座荒岛中找到了归属感。被定义好的编程即将被打破，一段关乎爱的心灵故事即将展开。,2024-09-12,453.728,8.3,4449,/gzq36QVwlXpkHWTQ4ob0Kb1C50i.jpg,/mQZJoIhTEkNhCYAqcHrQqhENLdu.jpg,102,"['动画', '科幻', '家庭']",['克里斯·桑德斯'],"['露皮塔·尼永奥', '佩德罗·帕斯卡', '基特·康纳', '比尔·奈伊', '许玮伦']","['villain', 'robot', ""based on children's book"", 'female villain', 'aftercreditsstinger', 'duringcreditsstinger', 'adopted son', 'complex', 'kids', 'traditional parenting', 'admiring', 'familiar', 'sarcastic']",en
1247019,鬼滴语2,ธี่หยด 2,故事紧接着上一部的时间线3年后，第一部的恶鬼力量虽然衰退但却在暗中等待着复苏的机会，很快一些系列的诡异事件开始发生，主角们开始意识到这一次的邪恶力量背后还有更复杂的秘密。,2024-10-10,428.497,7.0,78,/lohgYReLneVl8dz4XZXrQTDNTEi.jpg,/vfkzNcVzTRCq3C2jYIZtIjSdwf7.jpg,110,"['恐怖', '惊悚', '动作']",['Taweewat Wantha'],"['纳得克·库吉米亚', '翁艺术', '朱尼奥·卡邦迪特·贾迪', '皮尔基特·皮亚博尼亚尔', '丹妮絲·潔莉爾查·卡本']",['exorcism'],th
993710,隐谍再出山,Back in Action,马特和艾米丽两位优秀间谍为了成家，从中情局人间蒸发。15 年后，他们的身份曝光，只好又回到间谍世界。,2025-01-15,426.166,6.484,1060,/rbormNT7rNu9cAoyGY6knVuznY1.jpg,/xZm5YUNY3PlYD1Q4k7X8zd2V4AK.jpg,114,"['动作', '喜剧']",['塞斯·戈登'],"['杰米·福克斯', '卡梅隆·迪亚兹', '麦肯娜·雷·罗伯茨', 'Rylan Jackson', '凯尔·钱德勒']","['spy', 'affectation', 'aggressive', 'gun fight', 'zealous', 'hilarious', 'admiring', 'adoring', 'ambiguous', 'enchant', 'vibrant', 'spy action']",en
1410082,狙击精英: 背水一战,Sniper: The Last Stand,为了阻止军火商释放致命的超级武器，王牌狙击手布兰登·贝克特（查德·迈克尔·柯林斯饰）和特工零号（瑞恩·罗宾斯饰）被派往科斯塔维德，领导一群精锐士兵。贝克特将一名未经考验的狙击手纳入麾下，面临着他最新的挑战：下达命令而不是接受命令。随着时间和弹药的减少，他们必须克服一切困难才能生存下来。,2025-01-21,423.66,6.743,115,/gQUwEsDkSGNX1DZpu7CITd5Lozn.jpg,/ybSA7fUbYHw8VeRiSJ7tgKJnYWZ.jpg,95,"['动作', '惊悚']",['Danishka Esterhazy'],"['Chad Michael Collins', '瑞安·罗宾斯', '莎朗·泰勒', 'Manuel Rodriguez-Saenz', 'Vusi Kunene']",[],en
519182,神偷奶爸4,Despicable Me 4,格鲁（史蒂夫·卡瑞尔 Steve Carell 配音）和露西（克里斯汀·韦格 Kristen Wiig 配音）一家即将展开家庭生活的新篇章，迎接新成员“迷你格鲁”，而这个小宝宝也会用尽方法折磨格鲁这个新手老爸。新反派恶霸麦斯（威尔·法瑞尔 Will Ferrell 配音）和他既致命危险又美丽性感的女友华伦天娜（索菲娅·维加拉 Sofía Vergara 配音）来势汹汹，格鲁一家面临未知危险。此时，全新超级小黄人重磅亮相，成为帮助格鲁一家度过这次危机的“秘密武器”。一场惊险刺激、笑料百出的全新冒险即将展开。,2024-06-20,420.996,7.1,2594,/3c5M7r3xRC54ebrwZCoCm8uuNXx.jpg,/lgkPzcOSnTvjeMnuFzozRO5HHw1.jpg,97,"['动画', '家庭', '喜剧', '科幻']",['克里斯·雷纳德'],"['史蒂夫·加瑞尔', '克丽丝滕·威格', '威尔·法瑞尔', '索菲亚·维加拉', '米兰达·卡斯格拉夫']","['superhero', 'villain', 'sequel', 'super villain', 'aftercreditsstinger', 'duringcreditsstinger', 'calm', 'illumination', 'kids']",en
1035048,高处营救,Elevation,一个单身父亲和两个女人从家中的安全地带冒险面对可怕的生物，以挽救一个小男孩的生命。,2024-11-07,400.228,6.5,597,/fjcK8JCOJtUVT1wzglzxns5pXDP.jpg,/au3o84ub27qTZiMiEc9UYzN74V3.jpg,91,"['动作', '科幻', '惊悚']",['乔治·诺尔菲'],"['安东尼·麦凯', '莫雷纳·巴卡林', '麦蒂·哈森', '小丹尼·博伊德', '雷切尔·尼克斯']","['mine', 'colorado', 'alien', 'hospital', 'alien invasion', 'ski lift', 'abandoned mine', 'monsters', 'suspenseful', 'mountains']",en
811941,德瓦拉,దేవర: Part 1,　德瓦拉是一位来自沿海地区的无所畏惧的男子，为了保护人民的生命，踏上了危险的旅程，进入危险的海洋世界。他不知道的是，他的兄弟贝拉正在密谋反对他。随着事态的发展，德瓦拉将他的遗产传给了他温文尔雅、胆怯的儿子瓦拉达。,2024-09-26,388.348,7.1,169,/nkWAw6mDVWh3w7QA3eg0hKcMXWo.jpg,/hAQnXxOwCjgYcKRgTdYPRC8neqL.jpg,175,"['动作', '剧情']",['科拉塔拉·西瓦'],"['小N·T·拉玛·拉奥', '赛义夫·阿里·汗', '普拉卡什·拉贾', 'శ్రీకాంత్', 'Kalaiyarasan']","['sea', 'ship', 'red sea', 'boat', 'fear', 'battle', 'unassuming', 'swords', 'ships', 'violence', 'boats']",te
533535,死侍与金刚狼,Deadpool & Wolverine,史上最另类超级英雄、语不惊人死不休的死侍睽违六年终于重返大银幕，首次加入漫威电影宇宙！除了与一众昔日战友重新聚首，更与睽别15年的金刚狼二度并肩作战、再续兄弟情谊。直面时间变异管理局的追捕，迎战让人意想不到的神秘劲敌卡桑德拉·诺瓦。即便如此，死侍也毫不畏惧，自信满满地宣称自己就是“漫威救世主”，并将改写漫威电影宇宙！,2024-07-24,380.758,7.617,6820,/wjVZAMWgfPfn2ALtLkUJY88ZySm.jpg,/by8z9Fe8y7p4jo2YlW2SZDnptyT.jpg,127,"['动作', '喜剧', '科幻']",['肖恩·利维'],"['瑞安·雷诺兹', '休·杰克曼', '艾玛·科林', '马修·麦克费登', '达芙妮·基恩']","['hero', 'superhero', 'anti hero', 'mutant', 'breaking the fourth wall', 'aftercreditsstinger', 'duringcreditsstinger', 'marvel cinematic universe (mcu)', 'mutants', 'superhero teamup']",en
661539,无名小辈,A Complete Unknown,　　影片以1960年代初的纽约音乐界为背景，讲述19岁的鲍勃·迪伦，从一名不见经传的民谣歌手迅速声名鹊起，他的歌曲和神秘感在全世界引起轰动。1965年的纽波特民谣节上，他首次在舞台上使用了电吉他，他的音乐从民谣转向摇滚乐。,2024-12-18,360.454,7.187,619,/vTALRdLyG7fLkOeT85Ohi3ETj5T.jpg,/r8YfVJu9OAzWbTAuuc86CIs1DYN.jpg,141,"['剧情', '音乐']",['詹姆斯·曼戈尔德'],"['提莫西·查拉梅', '爱德华·诺顿', '艾丽·范宁', '莫妮卡·巴巴罗', '斯科特·麦克纳里']","['based on novel or book', 'musician', 'biography', '1960s', 'disdainful']",en
516729,帕丁顿熊3：秘鲁大冒险,Paddington in Peru,帕丁顿在秘鲁将帕丁顿的故事带到秘鲁，他回来看望他心爱的露西阿姨，露西现在住在退休熊之家。在布朗一家的带领下，一场惊心动魄的冒险随之而来，一个神秘的故事将他们带入了一场穿越亚马逊雨林、登上秘鲁山峰的意外之旅 https://justwatch.pro/movie/516729/paddington-in-peru,2024-11-08,359.264,6.8,189,/sVBJ7rQhxQv2aLbAjalMIONhXBN.jpg,/hfTyu2VPBqLRPo2DauW8q7bh9bm.jpg,106,"['家庭', '冒险', '喜剧']",['Dougal Wilson'],"['本·卫肖', '休·博纳维尔', '艾米丽·莫蒂默', '塞缪尔·乔斯林', '玛德琳·哈里斯']","['sequel', 'bear', ""based on children's book"", 'aunt nephew relationship', 'united kingdom', 'aftercreditsstinger', 'duringcreditsstinger', 'live action and animation', ""children's adventure"", 'perú', 'anthropomorphic animal', 'family comedy']",en
426063,诺斯费拉图,Nosferatu,影片讲述了一个哥特故事，被鬼附身的年轻女子艾伦·亨特（莉莉-罗丝·德普 饰）和迷恋她的可怕的吸血鬼伯爵（比尔·斯卡斯加德 饰）之间的痴恋，造成了难以言喻的恐怖。,2024-12-25,352.038,6.69,2284,/c7asXTLraHO6gZJd7uo7QvNpKqa.jpg,/h7r6LZ32dgLwtwSW3CxoWIYD9pr.jpg,133,"['奇幻', '恐怖']",['罗伯特·艾格斯'],"['莉莉-罗丝·德普', '尼古拉斯·霍尔特', '比尔·斯卡斯加德', '亚伦·泰勒-约翰逊', '威廉·达福']","['cold', 'based on novel or book', 'vampire', 'necrophilia', 'eroticism', 'possession', 'würzburg', 'remake', 'gothic horror', 'desire', 'somnambulism', 'plague', '19th century', 'dread', 'drinking blood', 'supernatural horror', 'period piece', '1830s', 'nightmares']",en
533535,死侍与金刚狼,Deadpool & Wolverine,史上最另类超级英雄、语不惊人死不休的死侍睽违六年终于重返大银幕，首次加入漫威电影宇宙！除了与一众昔日战友重新聚首，更与睽别15年的金刚狼二度并肩作战、再续兄弟情谊。直面时间变异管理局的追捕，迎战让人意想不到的神秘劲敌卡桑德拉·诺瓦。即便如此，死侍也毫不畏惧，自信满满地宣称自己就是“漫威救世主”，并将改写漫威电影宇宙！,2024-07-24,380.758,7.617,6820,/wjVZAMWgfPfn2ALtLkUJY88ZySm.jpg,/by8z9Fe8y7p4jo2YlW2SZDnptyT.jpg,127,"['动作', '喜剧', '科幻']",['肖恩·利维'],"['瑞安·雷诺兹', '休·杰克曼', '艾玛·科林', '马修·麦克费登', '达芙妮·基恩']","['hero', 'superhero', 'anti hero', 'mutant', 'breaking the fourth wall', 'aftercreditsstinger', 'duringcreditsstinger', 'marvel cinematic universe (mcu)', 'mutants', 'superhero teamup']",en
926670,亨利危险：电影,Henry Danger: The Movie,Henry Hart遇到了一个渴望与Kid Danger一起打击犯罪的超级粉丝，他拥有一个可以打开替代现实的设备。面对狂野的旅程，亨利需要他最好的朋友贾斯珀和他的新超级粉丝伙伴找到出路，否则将永远被困在另一个维度。,2025-01-17,532.494,8.3,147,/dFWj2rOGsqSIX1PHFghbCBgpMnk.jpg,/x8Kdi1OJbewkeGuijcSmUWrYyk2.jpg,86,"['动作', '喜剧', '家庭', '科幻']",['Joe Menendez'],"['杰斯·诺曼', 'Sean Ryan Fox', '艾拉·安德森', '迈克尔·科恩', '弗兰基·格兰德']","['superhero', 'supervillain', 'based on tv series']",en
845781,红色一号：冬日行动,Red One,圣诞老人被神秘绑架，北极安保主管不得已与全世界最臭名昭著的赏金猎人展开合作，他们寻遍全球、打遍天下，力求拯救圣诞节。,2024-10-31,338.067,7.071,2354,/sLqD7oUGZKvu5ODru8SdOcvEA1Z.jpg,/rOmUuQEZfPXglwFs5ELLLUDKodL.jpg,123,"['动作', '奇幻', '喜剧']",['杰克·卡斯丹'],"['道恩·强森', '克里斯·埃文斯', '刘玉玲', 'J·K·西蒙斯', '邦妮·亨特']","['bounty hunter', 'holiday', 'kidnapping', 'santa claus', 'polar bear', 'christmas', 'action comedy', 'christmas eve', 'family comedy', 'fantasy comedy', 'excited']",en
1001274,夜间呼叫,La Nuit se traîne,这个故事由马迪讲述，白天是学生，晚上是锁匠。但克莱尔，这个神秘的年轻女子，她正在帮助一个晚上，并不是她看起来的样子。这扇门不是她的公寓。她不惜一切代价想要找回的包不是她的，而是Yannick的，一个Mady必须回答他的问题的人。在一场地狱般的比赛中，Mady只有一个晚上在繁华的城市里证明自己的清白。一天晚上，为了保全自己的性命。,2024-08-28,348.545,6.9,74,/jzZJXEa8KX5hsjCCpRaWc69e9gz.jpg,/Eeuq1qmv8UEsd4sX6BSrGNYR19.jpg,97,"['惊悚', '动作']",['Michiel Blanchart'],"['Jonathan Feltre', 'Natacha Krief', '乔纳斯·布洛凯', '罗曼·杜里斯', 'Thomas Mustin']",[],fr
693134,沙丘2,Dune: Part Two,《沙丘2》承接第一部剧情，讲述保罗·厄崔迪（提莫西·查拉梅 Timothée Chalamet 饰）被帕迪沙皇帝和哈克南人联手灭族后，在厄拉科斯星球遇到弗雷曼女战士契妮（赞达亚 Zendaya 饰）以及加入弗雷曼人后展开的传奇旅程。保罗与让他家破人亡的阴谋家们开战，同时面临着一生所爱与已知宇宙命运的两难选择。,2024-02-27,284.964,8.148,6359,/1p25wDEdFRRTtwtPFbtPHISefzG.jpg,/xOMo8BRK7PfcJv9JCnx7s5hj0PX.jpg,166,"['科幻', '冒险']",['丹尼斯·维伦纽瓦'],"['提莫西·查拉梅', '赞达亚', '丽贝卡·弗格森', '哈维尔·巴登', '乔什·布洛林']","['epic', 'based on novel or book', 'fight', 'politics', 'sandstorm', 'sand', 'spice', 'chosen one', 'cult', 'sequel', 'romance', 'tragedy', 'distant future', 'tragic hero', 'creature', 'planet', 'desert', 'destiny', 'giant worm', 'space opera', 'sand dune', 'allegorical', 'messiah', 'fall from grace', 'shocking', 'domineering', 'vengeance', 'vindictive', 'cautionary', 'religious allegory', 'giant creature', 'power', 'violence', 'suspenseful', 'intense', 'antagonistic', 'audacious', 'awestruck', 'bold', 'exuberant', 'foreboding', 'melodramatic']",en
710295,狼人,Wolf Man,布雷克（克里斯托弗·阿波特 Christopher Abbott 饰）是一名住在旧金山的丈夫和父亲。当他自己的父亲失踪并被判定死亡之后，他继承了他位于俄勒冈州乡下偏远地区的童年老家。当他和他事业有成的女强人妻子夏莉特（朱莉娅·加纳 Julia Garner 饰）的婚姻逐渐走向破裂，布雷克就说服夏莉特带着他们年幼的女儿金洁（玛蒂尔达·弗 思 Matilda Firth 饰）一起离开城市，前往他的童年老家度假。  　　但是当这一家人在深夜来到这座农舍时，他们突然遭到一只看不见的怪兽攻击，为了逃离危险，他们就躲进农舍里面，并且将所有入口封住，而那只怪兽则在外面徘徊。当他们惊惧地试图度过漫漫长夜时，布雷克却开始出现奇怪的举动，而且逐渐变成一种不知名的怪物，于是夏莉特就被迫必须决定：到底是屋内的恐怖更致命，还是外面的危险更可怕？,2025-01-15,320.14,6.469,473,/diEmGZpvnyImaCtcp65yspSlxAf.jpg,/nNF4ZB0UDL4qAUjQfbYZDq3Ck7J.jpg,103,"['恐怖', '惊悚']",['雷·沃纳尔'],"['克里斯托弗·阿博特', '朱莉亚·加德纳', '玛蒂尔达·弗思', 'Sam Jaeger', 'Ben Prendergast']","['monster', 'moon', 'transformation', 'full moon', 'infection', 'car crash', 'woods', 'oregon, usa', 'remake', 'wolfman', 'werewolf', 'childhood home', 'creature feature', 'monster movie', 'lycanthrope', 'body horror', 'dramatic', 'horror', 'cliché', 'https://justwatch.pro/movie/710295/wolf-man']",en
661539,无名小辈,A Complete Unknown,　　影片以1960年代初的纽约音乐界为背景，讲述19岁的鲍勃·迪伦，从一名不见经传的民谣歌手迅速声名鹊起，他的歌曲和神秘感在全世界引起轰动。1965年的纽波特民谣节上，他首次在舞台上使用了电吉他，他的音乐从民谣转向摇滚乐。,2024-12-18,360.454,7.187,619,/vTALRdLyG7fLkOeT85Ohi3ETj5T.jpg,/r8YfVJu9OAzWbTAuuc86CIs1DYN.jpg,141,"['剧情', '音乐']",['詹姆斯·曼戈尔德'],"['提莫西·查拉梅', '爱德华·诺顿', '艾丽·范宁', '莫妮卡·巴巴罗', '斯科特·麦克纳里']","['based on novel or book', 'musician', 'biography', '1960s', 'disdainful']",en
1255788,园丁,Le Jardinier,塞尔日掌握着一项国家机密。他、他的家人以及园丁利奥出现在了政府的死亡名单上。他们试图制定一个求生计划。,2025-01-30,342.874,6.3,86,/qxqwLXgd4vjouSsxKXbGhQyjwoa.jpg,/pqulyfkug9A7TmmRn5zrbRA8TAY.jpg,110,"['动作', '喜剧']",['大卫·沙洪'],"['尚格·云顿', 'Michaël Youn', 'Nawell Madani', 'Carla Poquin', '杰罗姆·勒班纳']",['distressing'],fr
974453,恶棍父亲,Absolution,一名年迈的圣佩德罗歹徒试图与他的孩子们重新联系，并纠正他过去的错误，但犯罪的黑社会不会自愿放松他们的控制。,2024-10-31,300.364,5.9,354,/mEZZaBu7QhFbSgoTuAjje98EI5A.jpg,/7bIWKyWdT04HTY3PqLETT8CH7jo.jpg,112,"['动作', '犯罪', '惊悚', '悬疑']",['汉斯·皮特·莫朗'],"['连姆·尼森', '朗·普尔曼', '尤隆达·罗斯', '弗兰西斯·肖', '丹尼尔·迪默']",['gangster'],en
839033,指环王：洛汗之战,The Lord of the Rings: The War of the Rohirrim,“2691—2759 9.“锤手”海尔姆。他统治的末期，洛汗因敌人入侵和漫长冬季遭受了重大损失。海尔姆和他的两个儿子哈烈斯和哈马都死了。海尔姆的外甥弗雷亚拉夫继承了王位。”猜测电影可能会涉及洛汗与黑蛮地人的战争、海尔姆率部退守深谷的惨烈故事，以及弗雷亚拉夫收复埃多拉斯成为国王等情节。,2024-12-05,334.794,6.6,465,/na76ZhbQejfBpNjIhQ20BtStOZP.jpg,/ie8OSgIHEl6yQiGJ90dsyBWOpQA.jpg,134,"['动画', '奇幻', '冒险', '动作']",['神山健治'],"['布莱恩·考克斯', '盖亚·怀斯', '卢卡・帕斯夸里诺', '劳伦斯·乌邦·威廉斯', '洛琳·艾什本']","['epic', 'based on novel or book', 'prequel', 'treachery', 'fantasy world', 'anime', 'war', 'distressing', 'farcical', 'epic fantasy', 'horsemen']",en
1000837,我仍在此,Ainda Estou Aqui,影片根据马塞洛·鲁本斯·派瓦撰写的同名回忆录改编，原著讲述了鲁本斯·派瓦的母亲尤妮斯·派瓦，在丈夫成为1964年控制巴西的军事政权的受害者后，被迫重塑自我，成为了一名运动人士。,2024-09-19,326.036,7.972,406,/zNAw7jK8bwCK56rIW676pdgkwhd.jpg,/j9uruwRe9qM8RnP758dF7ISB8Bj.jpg,138,"['剧情', '历史']",['沃尔特·塞勒斯'],"['佛南達·托瑞絲', '赛尔顿·梅罗', 'Valentina Herszage', 'Bárbara Luz', 'Guilherme Silveira']","['mother', 'beach', 'husband wife relationship', 'based on novel or book', '1970s', 'rio de janeiro', 'affectation', 'based on true story', 'sao paulo, brazil', 'grief', 'female protagonist', 'period drama', 'interrogation', 'seaside', 'missing person', 'military dictatorship', 'family photo', 'injustice', 'historical drama', 'humanity', 'family dynamics', 'missing husband', '1990s', 'activism', 'mother son relationship', 'mother daughter relationship', 'resilience', 'realistic', '2010s', 'brazilian cinema', 'independent film', 'adaptation', 'political drama', 'missing father', 'political dissident', 'biographical drama']",pt
1010581,我的过错,Culpa mía,诺亚被迫离开她的小镇、男友和朋友，搬进了她母亲的新丈夫的豪宅。在那里，她遇见了她的新继兄尼克，两人的性格从一开始就发生了碰撞。然而他们对彼此的吸引却渐渐演变成一段禁忌的恋情，在这期间，他们叛逆的性格和磨人的脾气颠覆了彼此的世界，并致使他们疯狂地坠入了爱河。,2023-06-08,294.812,7.8,3584,/3OM9Uss2v8fWviSyn4FctbHL7nD.jpg,/lntyt4OVDbcxA1l7LtwITbrD3FI.jpg,117,"['爱情', '剧情']",['多明戈·冈萨雷斯'],"['妮科莱·瓦利亚塞', '加布里埃尔·格瓦拉', '玛塔·哈扎斯', '伊万·桑切斯', '艾娃·鲁伊斯']","['first time', 'forbidden love', 'stepbrother', 'female protagonist', 'underage sex', 'stepsister', 'disturbed', 'based on young adult novel', 'enemies to lovers', 'passion and romance', 'car', 'disapproving', 'disgusted', 'step-sibling romance']",es
1043905,肮脏天使,Dirty Angels,伊娃·格林将领衔主演新片[肮脏天使](Dirty Angels，暂译)，这也是绿娃与[007：大战皇家赌场]导演马丁·坎贝尔时隔17年后再度携手合作。故事围绕2021年美国从阿富汗撤军展开，一群女兵冒充医疗救援人员，去营救被ISIS和塔利班夹在中间的被绑架青少年。,2024-12-11,283.945,6.2,207,/s8Ab1FJ824KVBHC5bZ6kDS9hIkq.jpg,/dWkdmxIkH9y23s9v1PjQFhTGIwo.jpg,104,"['动作', '剧情', '惊悚', '战争']",['马丁·坎贝尔'],"['伊娃·格林', '玛丽亚·巴卡洛娃', '鲁比·罗丝', '雷扎・布罗杰迪', '乔尼卡·T·吉布斯']",['fictionalized history'],en
1249013,Jugaremos en el bosque,Jugaremos en el bosque,,2024-05-01,243.851,7.0,36,/eBSl9nGymidAyEBdJGADnnm7JKt.jpg,/ik0BMq1s9qGDKEQW1jh7C6Aycbk.jpg,0,['恐怖'],"['Alejandra Cárdenas', 'Guillermo Granillo']","['露西娅·戈麦斯-罗夫莱多', 'Alejandro Cuétara', 'Julieta Egurrola', 'Arturo Ripstein', 'Lucía Uribe']",['haunted forest'],es
573435,绝地战警：生死与共,Bad Boys: Ride or Die,昔日警局局长遭重磅爆料，竟与贩毒集团暗中勾结？明星警探麦克·劳瑞和马库斯·伯纳特惨遭背刺，一夜从吃瓜群众沦为全美通缉犯！“怨种兄弟”为查明真相被迫重出江湖，迎接全新刺激挑战！黄金搭档能否绝处求生，在毒贩与同僚的双面夹击下洗刷污名？,2024-06-05,252.044,7.383,2785,/vbnH411ZmLz2ZmkUwq74HVEIFJZ.jpg,/3q01ACG0MWm0DekhvkPFCXyPZSu.jpg,114,"['动作', '喜剧', '犯罪', '惊悚', '冒险']","['阿迪尔·埃尔·阿比', '比拉勒·法拉赫']","['威尔·史密斯', '马丁·劳伦斯', '凡妮莎·哈金斯', '亚历山大·路德维希', '葆拉·努涅斯']","['miami, florida', 'sequel', 'on the run', 'police detective', 'buddy cop', 'buddy comedy', 'aftercreditsstinger', 'hilarious', 'exhilarated']",en
1006724,诡才之道,鬼才之道,　一个人的才华，有时候要变成鬼才知道。  　　《鬼才之道》是一部恐怖喜剧，近几年台湾恐怖电影受观众青睐，徐汉强也因此而受到启发，如何拍出一部非意料之中的恐怖片，又能让观众在观影过程中又笑又泪，于是他与另一位编剧蔡坤霖想出了《鬼才之道》：「一个人的才华，做鬼了才知道。」  　　女主角张榕容在片中饰演天后女鬼「凯萨琳」，前所 未见的厉鬼形象狠劲十足，她除了研究电影《大法师》的经典下腰往后走的动作，又要从楼上跳下来还要表情狰狞，张榕容说：「好险平时都有在练瑜伽，要做一个鬼的动作都很夸张，脸部表情也是，很怕隔天下巴会脱臼。」  　　而陈柏霖则饰演落魄过气男鬼「Makoto」，一身红衣长髮阴风飘飘，徐汉强表示：「因为他真的很帅，所以在塑造角色形象上必须摆脱帅，越落魄才能越让观众忘记他是陈柏霖。」,2024-08-07,248.419,6.8,13,/m5IgLXscIYTTQwUtoBTfzSGQpvg.jpg,/neaOTXK4THHWkKjsyrtPdb2GvxM.jpg,110,"['恐怖', '喜剧', '惊悚']",['John Hsu'],"['陈柏霖', '张榕容', '王净', '姚以缇', '白静宜']",['urban legend'],zh
970450,异变狼人,Werewolves,　　两名科学家试图阻止一种突变，这种突变在前一年被超级月亮触摸后将人变成狼人。,2024-12-04,258.391,6.238,320,/qMHyEyJkDcUyDlenp0dMXTyfqMk.jpg,/cA88pwGnHa64BBcU3R1oCcJH9Qc.jpg,94,"['动作', '恐怖', '惊悚']",['史蒂文·米勒'],"['弗兰克·格里罗', '卡特丽娜·洛', '伊尔芬内什·哈德拉', '吉米·卡明斯', '卢·戴蒙德·菲利普斯']","['moonlight', 'werewolf', 'aggressive']",en
1118031,天启Z：完结的起点,Apocalipsis Z: el principio del fin,一种类似狂犬病的疾病在全球传播开来，将感染者变成极具攻击性的生物。马内尔带着他的猫躲在家中，凭借他的智慧生存下来。很快，他们将不得不外出觅食，寻找陆地和海上的安全之所。,2024-10-04,262.974,6.715,984,/2TEYFR0CLKHV0ANnQwtv5PNYC8f.jpg,/lTYGtgDRygku7iiFLWyiEc4wLzz.jpg,119,"['剧情', '动作', '恐怖']",['Carles Torrens'],"['弗朗西斯科·奥尔蒂斯', 'José María Yázpik', 'Berta Vázquez', 'Iria del Río', 'Marta Poveda']","['based on novel or book', 'cat', 'human animal relationship', 'galicia, spain', 'contagion spread', 'zombie', 'neighbor neighbor relationship', 'zombie apocalypse', 'traumatized man']",es
1147416,奇迹少女：伦敦篇,"Miraculous World : Londres, la course contre le temps",在兔子洞里，灵兔白妮看到时间之窗一个接一个地消失... 未来正在消逝，到底发生了什么？ 同时，马丽娜在家中醒来，发现有人利用奇迹少女与黑猫罗尔的米可幻奇许了愿。 很快，她意识到自己需要变身成奇迹少女……但她发现自己的耳环不见了！ 幸运的是，灵兔白妮在愿望消除一切之前赶来救了她。为了一起拯救未来，灵兔白妮和马丽娜必须找出是谁发现马丽娜就是奇迹少女，以及这个人是何时、如何偷走她的米可幻奇的。 马丽娜意识到蝴蝶米可幻奇现在有了新主人，一切希望似乎都消失了。只有一个人能拯救巴黎和世界，那就是奇迹少女自己。,2024-11-14,283.647,7.322,216,/imGI4R15rMl8B3wPROwkVuJDsc2.jpg,/cBTwQKMd7Vn6rGTGBtoFLIfj7uM.jpg,50,"['动画', '冒险', '动作', '奇幻']",['托马斯·阿斯特鲁克'],"['Annouck Hautbois', 'Benjamin Bollen', 'Marie Nonnenmacher', 'Thierry Kazazian', 'Adeline Chetail']","['london, england', 'superhero', 'kids', 'romantic', 'لندن', 'السفر عبر الزمن', 'ميراكلوس', 'بانيكس']",fr
1156593,你的过错,Culpa tuya,全球热播电影《我的过错》续篇。尽管诺亚和尼克的父母试图拆散他们，但他们的关系似乎毫不动摇。然而他的工作和她的大学入学却给他们原本的生活带来了新的人际关系，眼看就要动摇他们的感情和莱斯特家族的根基。面对这么多蓄意破坏的人，这段感情真的能迎来圆满的结局吗？,2024-12-26,254.03,7.1,1112,/yDRXLyxjCAR6zlzPIkgNGoLf0ic.jpg,/k24eZq5I3jyz4htPkZCRpnUmBzE.jpg,120,"['爱情', '剧情']",['多明戈·冈萨雷斯'],"['妮科莱·瓦利亚塞', '加布里埃尔·格瓦拉', '玛塔·哈扎斯', '伊万·桑切斯', '艾娃·鲁伊斯']","['based on novel or book', 'suicide attempt', 'sequel', 'mental health', 'romantic drama']",es
945961,异形：夺命舰,Alien: Romulus,一群年轻而勇敢的太空殖民者为逃离外星采矿殖民地的沉闷生活，在冒险探索一座废弃的太空站时，意外遭遇了宇宙中最可怕的生命体——异形。狭窄幽暗、危机四伏的空间站中，大逃杀的序幕已经被无情拉开，人类再次成为异形生物捕猎的目标。在无尽的黑暗与死亡威胁的笼罩之下，太空探险队员们能否在每一次心跳的瞬间，察觉到未知生物潜伏的丝丝寒意？在这场你死我活的追逐战中，他们将直面怎样的信任挑战和道德挣扎？当一个又一个同伴被残忍吞噬，求救无门的他们究竟能否在这场太空杀戮中寻得一线生机？,2024-08-13,247.66,7.2,3398,/poFSA04nO2AAn3N8t3qyYBFBj5j.jpg,/iJaSpQNZ8GsqVDWfbCXmyZQXZ5l.jpg,119,"['恐怖', '科幻']",['费德里科·阿尔瓦雷兹'],"['卡莉·史派妮', '大卫·琼森', '阿奇·雷诺', '伊莎贝拉·莫塞德', '斯派克·费恩']","['alien life-form', 'sequel', 'alien', 'space', 'alien contact', 'alien monster', 'alien encounter', 'space capsule', 'alien hostility', 'ambiguous', 'frightened']",en
157336,星际穿越,Interstellar,近未来的地球黄沙遍野，小麦、秋葵等基础农作物相继因枯萎病灭绝，人类不再像从前那样仰望星空，放纵想象力和灵感的迸发，而是每日在沙尘暴的肆虐下倒数着所剩不多的光景。在家务农的前 NASA 宇航员库珀（马修·麦康纳 Matthew McConaughey 饰）接连在女儿墨菲（麦肯吉·弗依 Mackenzie Foy 饰）的书房发现奇怪的重力场现象，随即得知在某个未知区域内前 NASA 成员仍秘密进行一个拯救人类的计划。多年以前土星附近出现神秘虫洞，NASA 借机将数名宇航员派遣到遥远的星系寻找适合居住的星球。在布兰德教授（迈克尔·凯恩 Michael Caine 饰）的劝说下，库珀忍痛告别了女儿，和其他三名专家教授女儿艾米莉亚·布兰德（安妮·海瑟薇 Anne Hathaway 饰）、罗米利（大卫·吉雅西 David Gyasi 饰）、多伊尔（韦斯·本特利 Wes Bentley 饰）搭乘宇宙飞船前往目前已知的最有希望的三颗星球考察。他们穿越遥远的星系银河，感受了一小时七年光阴的沧海桑田，窥见了未知星球和黑洞的壮伟与神秘。在浩瀚宇宙的绝望而孤独角落，总有一份超越了时空的笃定情怀将他们紧紧相连……,2014-11-05,251.201,8.452,36636,/v7Iib57HHgSEI9B7XYRF6qrs11T.jpg,/8sNiAPPYU14PUepFNeSNGUTiHW.jpg,169,"['冒险', '剧情', '科幻']",['克里斯托弗·诺兰'],"['马修·麦康纳', '安妮·海瑟薇', '迈克尔·凯恩', '杰西卡·查斯坦', '卡西·阿弗莱克']","['rescue', 'future', 'spacecraft', 'race against time', 'artificial intelligence (a.i.)', 'nasa', 'time warp', 'dystopia', 'expedition', 'space travel', 'wormhole', 'famine', 'black hole', 'quantum mechanics', 'family relationships', 'space', 'robot', 'astronaut', 'scientist', 'single father', 'farmer', 'space station', 'space adventure', 'time paradox', 'father daughter relationship', '2060s', 'cornfield', 'time manipulation', 'pretentious']",en
1100782,危笑2,Smile 2,女歌星斯凯·莱利因背痛去朋友家取药，却目睹朋友残忍自杀。几天后，各种奇怪诡异的现象让斯凯大大发疯，身边的亲朋好友都莫名对着她诡异微笑。一天一天过去，斯凯才知道自己传染了微笑诅咒，而受害者没有一位活过一周的，斯凯只能向假死医师莫里斯求助……,2024-10-16,235.291,6.6,1335,/ojjmjXzsq0EkXDuHPYaAfjA832p.jpg,/iR79ciqhtaZ9BE7YFA1HpCHQgX4.jpg,127,"['恐怖', '悬疑']",['帕克·芬恩'],"['娜奥米·斯科特', '罗斯玛丽·德威特', '卢卡斯·盖奇', '迈尔斯·古铁雷斯-莱利', '彼得·雅各布森']","['drug dealer', 'new york city', 'suicide', 'concert', 'delusion', 'trauma', 'hallucination', 'addiction', 'sequel', 'murder', 'curse', 'car accident', 'scar', 'demon', 'guilt', 'pop music', 'evil', 'sobriety', 'shocking', 'self-harm', 'delusional', 'popstar', 'smile', 'supernatural horror', 'body horror', 'absurd', 'tour', 'horrified', 'гей-помощник']",en
698687,变形金刚：起源,Transformers One,影片将时间线拨回赛博坦时期，生活在赛博坦星球的擎天柱（克里斯·海姆斯沃斯 Chris Hemsworth 配音）与威震天（布莱恩·泰里·亨利 Brian Tyree Henry 配音）才20岁出头，是情同手足的朋友，此时他们还是没有变形能力的机器人，讲述他们如何从手足变为死敌的起源故事。,2024-09-11,205.139,8.093,1128,/bqflnJui6q8y0cZCdVcnNEc1THd.jpg,/zViRwl3ySscZnbXZJ2Q9wq3SeUG.jpg,104,"['动画', '科幻', '冒险', '家庭']",['乔什·库利'],"['克里斯·海姆斯沃斯', '布莱恩·泰里·亨利', '斯嘉丽·约翰逊', '科甘-迈克尔·凯', '乔恩·哈姆']","['based on toy', 'giant robot', 'aftercreditsstinger', 'duringcreditsstinger', 'buddy movie', 'brothers-in-arms relationship', 'origin story', 'inspirational', 'friends to enemies', 'alien robot', 'suspenseful', 'cheerful', 'exhilarated']",en
1114894,星际迷航：31区,Star Trek: Section 31,杨紫琼饰演平行宇宙的Philippa Georgiou女皇，加入了“第31区”，即星际迷航里的秘密警察组织。 剧情会集中在Philippa Georgiou于「第31区」的冒险。,2025-01-15,223.613,4.805,203,/sqiCinCzUGlzQiFytS30N1nO3Pt.jpg,/3SOunz2Z0qcOVlrkYFj20HquziB.jpg,96,"['科幻', '冒险', '动作']",['Olatunde Osunsanmi'],"['杨紫琼', '欧玛瑞·哈德威克', '山姆·理查森', '凯西·罗尔', 'Sven Ruygrok']","['wormhole', 'dictatorship', 'covert operation', 'blunt', 'alternate timeline', 'annihilation', 'dystopian nightmare']",en
1034541,断魂小丑3,Terrifier 3,从小丑亚特的万圣节大屠杀中幸存下来五年后，西耶娜和乔纳森仍在努力重建破碎的生活。随着节日的临近，他们试图拥抱圣诞精神，将过去的恐怖抛诸脑后。然而，就在他们以为自己安全的时候，亚特回来了，决心把他们的节日欢乐变成新的噩梦。亚特释放出他那扭曲的恐怖烙印，破坏了节日，证明没有一个节日是安全的。,2024-10-09,212.455,6.9,1496,/aPRmX1fvVmJOluGgNnHz9pFEQ4T.jpg,/18TSJF1WLA4CkymvVUcKDBwUJ9F.jpg,125,"['恐怖', '惊悚']",['Damien Leone'],"['劳伦·拉维拉', '大卫·霍华德·桑顿', '萨曼莎·斯卡菲迪', 'Elliott Fullam', 'Margaret Anne Florence']","['monster', 'post-traumatic stress disorder (ptsd)', 'angel', 'shower', 'child murder', 'santa claus', 'college', 'clown', 'bartender', 'gore', 'dormitory', 'sequel', 'serial killer', 'teenage girl', 'slasher', 'chainsaw', 'massacre', 'mental illness', 'disfigured face', 'mental asylum', 'cousin cousin relationship', 'mall santa', 'killer clown', 'terrorist bombing', 'christmas horror', 'evil clown', 'christmas spirit', 'christmas', 'murder of parents', 'orphan siblings', 'supernatural power', 'death of a child', 'supernatural horror', 'bar', 'bloody', 'independent film', 'blood', 'low budget', 'megaslasher', 'scary', 'bewildered', 'disgusted', 'frightened']",en
299536,复仇者联盟3：无限战争,Avengers: Infinity War,随着复仇者联盟及其盟友继续保护世界免受来自任何单一英雄难以承担的威胁，一个新的危险从宇宙的阴影中浮现——灭霸。作为一个星际恶名昭彰的暴君，他的目标是收集所有六颗无限宝石，这些宝石拥有难以想象的力量，并利用它们将扭曲的意志强加于现实的每一个角落。复仇者们为此奋斗的一切都指向了这一刻——地球和整个存在的命运从未如此不确定。,2018-04-25,229.571,8.237,30236,/oK7IP8Yx4pTgZSFE8RD74pwlJtW.jpg,/mDfJG3LC3Dqb67AZ52x3Z0jU0uB.jpg,156,"['冒险', '动作', '科幻']","['乔·罗素', '安东尼·罗素']","['小罗伯特·唐尼', '克里斯·埃文斯', '克里斯·海姆斯沃斯', '乔什·布洛林', '马克·鲁法洛']","['sacrifice', 'magic', 'superhero', 'based on comic', 'space', 'battlefield', 'genocide', 'magical object', 'super power', 'superhero team', 'aftercreditsstinger', 'marvel cinematic universe (mcu)', 'cosmic']",en
1203329,猎魔人：深渊海妖,The Witcher: Sirens of the Deep,利维亚的杰洛特是一名变异的怪物猎人，他受雇调查海边村庄发生的一系列袭击事件，并卷入了人类与人鱼之间长达数个世纪的冲突之中。他必须依靠新老朋友的帮助，解开谜团，以免两个王国之间的敌对状态升级为全面战争。,2025-02-10,210.916,7.0,129,/e2K40kQ47AJx6D3pdcbraQBCw0P.jpg,/1YL8ksfwm3p2Tgt1yaNVYYOvOKC.jpg,92,"['动画', '奇幻', '动作']",['강희철'],"['道格·科克尔', '乔伊·巴堤', '克里斯蒂娜·雷恩', '艾米莉·凯里', 'Camrus Johnson']","['based on novel or book', 'kingdom', 'lovers', 'pearls', 'merpeople', 'monster hunter']",en
1029235,亚兹拉尔：死亡天使,Azrael,在世界末日之后，一群虔诚的沉默的狂热者追捕着 Azrael（萨玛拉·维文 Samara Weaving 饰），一个逃脱了自己的监禁的年轻女人——她将不惜一切代价活下去。,2024-09-27,204.852,6.0,256,/qpdFKDvJS7oLKTcBLXOaMwUESbs.jpg,/gb9EbSHduaJqem9qgBBQK2CKnJA.jpg,86,"['动作', '恐怖', '惊悚']",['埃尔·卡兹'],"['萨玛拉·维文', '维克·卡门·索纳', '卡特琳娜·乌特', '彼得·克里斯托弗森', '内森·斯图尔特-贾瑞特']","['sacrifice', 'aggressive', 'ancient evil', 'azrael']",en
1222064,血河,River of Blood,"　　两对年轻情侣来到丛林度假村享受他们的奢华假期，但这场旅行很快变成了一场可怕的噩梦。大学时期的老朋友艾杰（AJ）和 里奇（Ritchie），带着各自的伴侣玛雅（Maya）和贾思敏（Jasmine）一起旅行，试图暂时搁置感情中的矛盾，踏上一场冒险之旅。他们雇了一位大胆的向导尼克（Nick），展开了一次丛林划艇探险。
 　　然而，旅程很快急转直下——里奇在途中离奇失踪。随着他们深入丛林寻找线索，几人意外闯入了一个土著食人族领地。原本的梦想假期瞬间化为了一场惊心动魄的生存挑战。在这片神圣而危险的土地上，他们必须面对无情的威胁，挣扎着寻找生路。",2024-08-29,223.98,6.3,36,/7lkm4eAvHy1uCs48GEwMxgwNdgd.jpg,/5o4iH2N4jX3HmNCBbC6rJqxtWj2.jpg,86,"['恐怖', '惊悚']",['霍华德·J·福特'],"['Joseph Millson', 'Sarah Alexandra Marks', 'David Wayman', 'Ella Starbuck', 'Louis James']","['kayak', 'betrayal', 'jungle', 'psychological thriller', 'cannibal', 'cannibal cult', 'psychological horror']",en
808,怪物史瑞克,Shrek,　　很久很久以前，在一个遥远的大沼泽里，沼泽里住着一只叫史莱克的绿色怪物，过着悠闲的生活。有一天，他平静的生活被几个不速之客打破，它们是一只眼神不怎么好的小老鼠，一只大坏狼和三只无家可归的小猪，他们都是从童话王国里逃出来的，那里现在被一个叫法尔奎德的恶棍霸占了，他还抢去美丽的公主菲奥娜，强迫她做自己的新娘。史莱克决定帮助这些可怜的朋友，更希望能够见到它们描绘的美丽的公主。于是，他上路了，除了这些朋友之外，他还有一个很特别的伙伴--爱说俏皮话的骡子唐基，这只骡子除了让它闭上他那张爱唠叨的嘴之外，愿意为史莱克做一切事……当然后面发生的事情不用多说你也能猜的到，史莱克和它的朋经历了种种危险，期间还和一条会喷喷火的看守恶龙决斗，最后终于完成了他英雄旧美人的壮举……,2001-05-18,230.822,7.747,17446,/xCdATOO6ZTeGl7Mv9TvZ3lgCEwM.jpg,/bNTHSd3UqqLzIVwbDOGPnx3ScfF.jpg,90,"['动画', '喜剧', '奇幻', '冒险', '家庭']","['安德鲁·亚当森', '维基·詹森']","['迈克·梅尔斯', '艾迪·墨菲', '卡梅隆·迪亚兹', '约翰·利思戈', '文森特·卡索']","['princess', 'based on novel or book', 'magic', 'fairy tale', 'donkey', 'liberation', 'lordship', 'prince', 'castle', 'villain', 'robin hood', 'enchantment', 'swamp', 'parody', 'anthropomorphism', 'dragon', 'woman director', 'ogre', 'cartoon donkey', 'hilarious']",en
717196,极地大冒险之尼柯入伍,Niko ja Myrskyporojen arvoitus,,2024-10-07,224.88,7.563,16,/4NUrmQjuNc1gXJfMFvGozHxUGgG.jpg,/igIevSzaaOjsLh8zXCKY3UuDQsJ.jpg,85,"['动画', '家庭', '奇幻']",['Kari Juusonen'],"['Matthew Whelan', 'Emma Jenkins', '保罗·泰来克', 'Roger Gregg', 'Dermot Magennis']","['sequel', 'reindeer']",fi
1124620,怪猴,The Monkey,,2025-02-14,236.119,6.0,136,/xN91UrqXCAwfYDjf9a2zYgFLFeP.jpg,/6dC7ULfiutxwEAs7LjWHL2Tc7Zv.jpg,98,"['恐怖', '喜剧']",['奧茲·柏金斯'],"['提奥·詹姆斯', '塔蒂亚娜·马斯拉尼', '克里斯蒂安·康佛瑞', ""Colin O'Brien"", '亚当·斯科特']","['sibling relationship', 'shotgun', 'supernatural', 'drums', 'harpoon', 'dark comedy', 'gore', 'twin brother', 'maine', 'accidental death', 'wasp', 'monkey', 'exploding body', 'death', 'evil', 'evil twin', 'based on short story', 'dual role', 'cursed', '1990s', 'horror comedy', 'father son relationship', 'mother son relationship', 'brother brother relationship', 'toy monkey', 'supernatural horror', 'toy', 'cursed object', 'horror', 'japanese restaurant', 'father son estrangement']",en
1028196,尼克男孩,Nickel Boys,改编自科尔森·怀特黑德的普利策奖获奖小说，讲述尼克学院少管所两名黑人青少年的故事。他们深厚的友谊带来了转变，唤醒了希望。,2024-12-13,166.717,6.545,177,/gnkMWAJRwEI4D8akYjrqEtnelM7.jpg,/dljPigvNMFEPkUeT0tQLwSd0w4w.jpg,140,['剧情'],['拉梅尔·罗斯'],"['Ethan Herisse', 'Brandon Wilson', '安洁纽·艾莉丝-泰勒', '哈米什·林克莱特', 'Gralen Bryant Banks']","['florida', 'new york city', 'sexual abuse', 'based on novel or book', 'alligator', 'male friendship', 'racial segregation', 'martin luther king', 'based on true story', 'racism', 'reform school', 'wrongful conviction', 'historical drama', 'abuse', 'black youths', '1960s', 'boxing', 'complex', 'african american history', 'stolen car', 'african american', 'sports betting', 'grandmother grandson relationship', 'civil rights movement', 'american history', 'experimental cinema', 'boxing match', 'tallahassee', 'bold']",en
1252309,告诉我你想要什么,Pídeme lo que quieras,,2024-11-29,233.515,6.121,87,/76qnVxU2rPdVvipBN3DPQH6fVYB.jpg,,0,"['爱情', '剧情']",['Lucía Alemany'],"['加布里埃拉·安德拉达', 'Mario Ermito', '西莉亚·费杰罗', 'David Solans', 'Alba Ribas']","['spain', 'based on novel or book', 'woman director', 'erotic romance']",es
1405338,鬼城杀,Demon City 鬼ゴロシ,杀手坂田周平准备为家人洗心革面之际，神秘组织“奇面组”竟对他的妻女下毒手，还嫁祸于他，毁了他的名誉。他在头部中弹后大难不死，但一昏迷就是十二年。不料奇面组再次找上门来，沉睡多年的杀手本能因此觉醒，壮丽的复仇篇章随即展开。然而，等待他的却是可能彻底改变命运的真相。,2025-02-26,231.196,6.7,86,/2m533gLgZvQjxBNOOop4pnBX5Be.jpg,/hD2SN5bbqxk0kcRmsATJkXObgnZ.jpg,106,"['动作', '犯罪', '奇幻', '惊悚']",['田中征爾'],"['生田斗真', '东出昌大', '田中美央', '当真亚美', '骏河太郎']","['hitman', 'supernatural', 'revenge', 'organized crime', 'based on manga', 'demon', 'criminal', 'based on graphic novel', 'suspense']",ja
411,纳尼亚传奇：狮子、女巫和魔衣橱,"The Chronicles of Narnia: The Lion, the Witch and the Wardrobe",二战期间，四个小孩子随着父母来到乡下避战。这些乡村住宅古色古香，其中有一个房间里摆着一个大衣柜。一天，几个小孩子玩捉迷藏，露西躲进了衣柜里，眼前却意外出现了一个神奇的世界——那里白雪皑皑，荒无人烟。她在雪地上走着走着，遇上了人羊怪物。其他孩子也一一进入这个魔法衣橱。他们得知里面的王国叫纳尼亚，正在被一个邪恶的女巫所统治。女巫下了毒咒，使纳尼亚成为永远冰天雪地的冰封世界。四个人类的孩子将在伟大崇高的万兽之王：雄狮阿斯兰的带领下与邪恶的女巫展开一场大战，破除冰封咒语，解救纳尼亚王国，恢复四季如春的世界。,2005-12-07,242.395,7.134,10795,/3hfnM7mcUhzLloHCAdnr48gvNAB.jpg,/AuV99eQivVWuk2AOSM6hYh9QRPQ.jpg,143,"['冒险', '家庭', '奇幻']",['安德鲁·亚当森'],"['威廉·莫斯里', '安娜·帕波维尔', '斯堪德·凯恩斯', '乔芝·韩莉', '连姆·尼森']","['witch', 'epic', 'sibling relationship', 'saving the world', 'based on novel or book', 'self sacrifice', 'winter', 'fairy tale', 'cupboard', 'beaver', 'lion', 'surrealism', 'battle', ""based on children's book"", 'fantasy world', 'duringcreditsstinger', '1940s', 'high fantasy', 'isekai', 'based on young adult novel', 'faun', 'good versus evil', 'admiring']",en
10192,怪物史瑞克4,Shrek Forever After,在拯救公主，寻找到真爱并且稳定住了Far far away王国后，并且有了“小史莱克”后，我们的史莱克成了一个居家好男人。自然的，随着时间的飞逝，史莱克开始怀恋自己的本性“怪物”的一面。他又开始向往那些真正怪物过的生活。于是史莱克被格林童话中的著名角色小精灵Rumpelstltskin 所欺骗，与他签订了一份协议，使自己陷入了另外一个版本的Far far away王国的世界里。在那里Rumpelstltskin是国王，史莱克也得到了真正怪物的“对待”，被追杀，更重要的是，在这个世界里史莱克和菲欧拉没有相遇过。在认清事实后，史莱克终于决定为挽回自己本应有的“真爱”而奋斗！,2010-05-16,213.69,6.4,7450,/6d3acnDUYQntQYB7Dtm2zJm57kl.jpg,/gVl6aX2paJIHpMxAAe8X36VNExi.jpg,93,"['喜剧', '冒险', '奇幻', '动画', '家庭']",['迈克·米歇尔'],"['迈克·梅尔斯', '艾迪·墨菲', '卡梅隆·迪亚兹', '安东尼奥·班德拉斯', 'Walt Dohrn']","['witch', 'sequel', 'ogre']",en
1138194,异教徒,Heretic,两名女传教士被引诱到一个古怪危险的男人家里，试图改变他的信仰，开启了一场猫捉老鼠的游戏。,2024-10-31,224.569,7.2,1224,/pqLpfaVyUJ4yIEHaoRis7W5bFPo.jpg,/ag66gJCiZ06q1GSJuQlhGLi3Udx.jpg,111,"['恐怖', '惊悚']","['斯科特·贝克', '布莱恩·伍兹']","['休·格兰特', '苏菲·撒切尔', '克洛伊·伊斯特', '托弗·戈瑞斯', '艾丽·杨']","['faith', 'affectation', 'religion', 'cat and mouse', 'mormon missionary', 'eccentric man', 'women of faith', 'frightened']",en
385687,速度与激情10,Fast X,昔日的死对头塞弗主动找上门来告知多米尼克和整个飞车家族都将遭遇危险。随后，多米尼克从“小无名氏”先生处得知飞车家族的几位朋友接到了假任务。为了拯救众人，唐老大和莱蒂前往罗马救人，而把小儿子托给米娅和雅各布照顾。在罗马的交锋中，唐老大发现对手叫但丁，是毒枭赫南·雷耶斯的儿子；而他却并不想让多米尼克和飞车家族立刻消失，而是要慢慢折磨他们，就连曾经帮助过飞车家族或是有关联的人也不会放过......,2023-05-17,223.708,7.1,5794,/lZWLRUShxjeagwSVcwlHFEWXzhf.jpg,/4XM8DUTQb3lhLemJC51Jx4a2EuA.jpg,141,"['动作', '犯罪', '惊悚', '冒险', '悬疑']",['路易斯·莱特里尔'],"['范·迪塞尔', '米歇尔·罗德里格兹', '泰瑞斯·吉布森', '卢达 克里斯', '约翰·塞纳']","['sequel', 'revenge', 'betrayal', 'racing', 'family', 'cliffhanger', 'shocking', 'cars', 'dramatic', 'ominous']",en
1005331,随身危机,Carry-On,年轻的运输安全管理局员工遭到威胁，对方要他在平安夜让某个危险行李登上航班，他必须智取这名身份成谜的旅客。,2024-12-05,199.426,6.906,1986,/4dulz2VQMkilbiNpFAgYwigBWEN.jpg,/6RcBQkC2PZJwwbFugqzgvN3moYL.jpg,120,"['惊悚', '动作']",['佐米·希尔拉'],"['塔伦·埃哲顿', '杰森·贝特曼', '索菲亚·卡尔森', '丹妮尔·戴德威勒', '西奥·罗西']","['blackmail', 'flight', 'los angeles, california', 'christmas eve', 'los angeles airport (lax)', 'derogatory', 'гей', 'гей-герой', 'гей-пара']",en
1051896,世外桃源,Arcadian,一位父亲和他十几岁的双胞胎儿子在世界尽头的一座偏远农舍里为生存而战。,2024-04-12,194.085,6.128,612,/2dapFXLYQ8MhaBd62hWufiFYFzI.jpg,/9s9o9RT9Yj6nDuRJjnJm78WFoFl.jpg,92,"['动作', '恐怖', '惊悚', '科幻']",['Benjamin Brewer'],"['尼古拉斯·凯奇', '杰登·马泰尔', '麦克斯韦·詹金斯', '赛迪·斯欧维奥', '萨曼莎·考格兰']","['monster', 'survival', 'fear', 'family', 'isolated farmhouse', 'calm', 'relaxed', 'post apocalypse', 'anxiety', 'science fiction', 'post-apocalyptic']",en
1299372,El llanto,El llanto,,2024-10-25,178.466,6.243,35,/sO8kPwslPK5iXWDS1RKZvXkO95T.jpg,/ka28iazibT3HDqp8V6ST2dGWXZZ.jpg,107,['恐怖'],['Pedro Martín Calero'],"['艾斯特·爱珀斯托', '瓦莱德·奥利维尔', 'Malena Villa', 'José Luis Ferrer', 'Claudia Roset']",['supernatural horror'],es
980477,哪吒之魔童闹海,哪吒之魔童闹海,天劫之后，哪吒、敖丙的灵魂虽保住了，但肉身很快会魂飞魄散。太乙真人打算用七色宝莲给二人重塑肉身。但是在重塑肉身的过程中却遇到重重困难，哪吒、敖丙的命运将走向何方？  申公豹放出被囚的四龙王，东海龙王敖光人形首次曝光并表示“我若出战，就让陈塘关鸡犬不留”，哪吒为了守卫陈塘关将与四海龙王大打出手。,2025-01-29,221.489,7.8,115,/bTMf8M7rZ21fChGdtsZtJj4Dfqh.jpg,/zxi6WQPVc0uQAG5TtLsKvxYHApC.jpg,144,"['动画', '奇幻', '冒险']",['饺子'],"['吕艳婷', '囧森瑟夫', '瀚墨', '陈浩', '绿绮']","['based on myths, legends or folklore', '3d animation', 'nezha', 'chinese mythology', 'donghua', 'na tra']",zh
85,夺宝奇兵：法柜奇兵,Raiders of the Lost Ark,二战期间，希特勒在世界各地召集考古学家寻找“失落的约柜”——圣经中引导希伯来人与上帝交流的圣物，希特勒欲借其来护佑纳粹的战争。为了使希特勒的计划破灭，印第安纳琼斯博士奔赴尼泊尔，一边奋力挖掘蛛丝马迹，一边还要与无孔不入的纳粹分子周旋。凭借着过人的智慧和异于常人的胆量及大无畏的勇气，琼斯终于在罗马找到了指示约柜位置的太阳手杖，继而发现了约柜。就在大功告成之际，纳粹军却侵吞了胜利果实，还将琼斯等人留在了蛇穴里！但是无往不胜的琼斯总是有办法死里逃生，并狠狠地还以颜色！,1981-06-12,218.86,7.921,12710,/hQjf7Y1Pn9EZvFKkBSnvxZDPOkI.jpg,/ueDw7djPgKPZfph0vC43aD2EMyF.jpg,115,"['冒险', '动作']",['史蒂文·斯皮尔伯格'],"['哈里森·福特', '凯伦·阿兰', '保罗·弗里曼', '约翰·里斯-戴维斯', '罗纳德·莱西']","['egypt', 'treasure', 'medallion', 'swastika', 'saving the world', 'nepal', 'himalaya mountain range', 'cairo', 'moses', 'hat', 'whip', 'leather jacket', 'mediterranean', 'ark of the covenant', 'ten commandments', 'nazi', 'excavation', 'riddle', 'treasure hunt', 'archaeologist', 'adventurer', 'archeology', 'religious history', '1930s', 'dramatic']",en
1097549,小心肝儿,Babygirl,一个有权势的CEO与比她年轻得多的实习生开始了一段不正当的关系，将她的事业与家庭置于危险之中。,2024-12-25,200.231,5.787,529,/fnCkXSJb4A8WWJDmEQJHicV1Pn5.jpg,/hctfNoMpQGfn3VXdBYb9p0P5bT5.jpg,115,['剧情'],['哈琳娜·雷恩'],"['妮可·基德曼', '哈里斯·迪金森', '安东尼奥·班德拉斯', '伊斯特-罗丝·麦克格雷格', '苏菲·王尔德']","['infidelity', 'new york city', 'husband wife relationship', 'sexual frustration', 'sexuality', 'eroticism', 'seduction', 'workplace', 'female protagonist', 'married woman', 'ceo', 'intern', 'woman director', 'submission', 'taboo sex', 'masculinity', 'female sexuality', 'innuendo', 'erotic thriller', 'workplace romance', 'unfaithful wife', 'sex', 'young man seduces old lady', 'age-gap relationship', 'kink', 'power dynamics', 'employee boss relationship']",en
1272149,BJ单身日记4,Bridget Jones: Mad About the Boy,《BJ單身日記》系列第四集，《致蕾絲莉》麥克莫里斯執導，芮妮齊薇格再度回歸飾演跨越世代的愛情喜劇女主人翁。,2025-02-12,192.38,6.799,189,/A8a4LDJ1AfQGFGNXnwg336a0Xuq.jpg,/zwSDvbnN51JqU1ULzPnEc22DkqV.jpg,124,"['爱情', '喜剧', '剧情']",['Michael Morris'],"['蕾妮·齐薇格', '切瓦特·埃加福特', '利奥·伍德尔', '休·格兰特', '吉姆·布劳德本特']","['based on novel or book', 'female friendship', 'romcom', 'sequel']",en
383634,肉体之门,肉体の門,"根据田村泰次郎同名小说改编，系第五次将该小说搬上银幕。
 昭和22年，在美军占领下的东京。妓女浅田（かたせ梨乃 饰）带领一班好姐妹在河沿岸讨生活，对手阿澄（名取裕子 饰）则以银座为据点发展，两伙女人分由两大帮派关东一家和袴田一家管理。
 前陆军上等兵伊吹新太郎（渡濑恒彦 饰）战后沦为土匪，某日被美国防卫部队追击，仓皇逃入关东一家。浅田解救了受伤的新太郎，两人相约共同走出这里，开始新的生活。然而新太郎并非浅田的所在，他的到来更给这表面平静的场所带来巨大的混乱……",1988-04-09,273.406,6.1,34,/raNbLci95MJ3L3dMnG7L7bD37lY.jpg,/lP0G6f00CjOKdRECyGrT0kaMSrL.jpg,119,['剧情'],['五社英雄'],"['片濑梨乃', '名取裕子', '根津甚八', 'Kanô Miyuki', '松居一代']",['prostitution'],ja
1081012,爆裂崩塌,Aftermath,杰克是一名患有创伤后应激障碍的退伍军人，一些应激反应严重影响到了他的日常生活，但杰克还是付出全部的努力照顾自己的妹妹。这天，杰克与妹妹正常外出，走到波士顿的托宾纪念桥上，却发现桥已经被堵住。原来，一群全副武装的犯罪分子正在劫持一辆押送犯人的警车并将桥上所有人扣为人质。他们向政府索要金额巨大的赎金和要求释放他们的队友。眼看无辜的人们和自己的妹妹生命即将收到威胁，杰克站了出来。他用自己在部队中学到的本事加上广大人质的配合，和这帮匪徒斗智斗勇，击毙了不少反派分子。最终和特警人员里应外合挫败了阴谋，解救了众多人质。,2024-09-27,194.609,6.417,108,/kRwrjiti2nLYahZKtP8ATLoyWDK.jpg,/aWILNXgq07riueQknYXMvum11jo.jpg,97,"['动作', '惊悚']",['帕特里克·卢西尔'],"['迪倫·斯普羅斯', '梅森·古丁', '迪辰·拉克曼', 'Megan Stott', '凯文·查普曼']",[],en
929204,超级无敌掌门狗：最强复仇鹅,Wallace & Gromit: Vengeance Most Fowl,阿德曼动画四次荣获奥斯卡金像奖的导演尼克·帕克和荣获艾美奖提名的梅林·科罗星汉带着全新大冒险《超级无敌掌门狗：最强复仇鹅》重磅回归。在新电影中，阿高担心华莱士过于依赖他的发明 — 而当华莱士发明了一个似乎拥有自己思想的“聪明”小矮人时，这种担心得到了证实。人们发现一个来自过去的复仇人物可能在策划这一切，而阿高必须与邪恶势力作斗争，拯救他的主人，否则华莱士的发明之路可能就到此为止了！,2024-12-18,190.295,7.6,410,/hk6ErVnVyixOYv5WyzvTZP1ckCP.jpg,/XNVdWNgiAHu8y4BsJv5ndUHXxN.jpg,70,"['动画', '喜剧', '家庭', '冒险']","['尼克·帕克', '梅林·科罗星汉']","['本·怀特海德', '彼得·凯', '劳伦·帕特尔', '里斯·谢尔史密斯', '黛安·摩根']","['inventor', 'human animal relationship', 'penguin', 'anthropomorphism', 'revenge', 'stop motion', 'robot', 'dog', 'jewel heist', 'gnome']",en
58008,夜班护士,L'infermiera di notte,一位牙医邀请一位老年患者留在家中康复，却不知道自己是个珠宝窃贼。他计划偷一颗珍贵的钻石，但后来遇到了一位美丽的护士，这位护士除了不断脱光衣服外，还有自己的计划。,1979-02-07,200.703,5.2,43,/cjJuN9MUmYrSh3fzT7JHrN5fHOP.jpg,/oLp558MB4gPia9ZZB4odB7C2Fo7.jpg,90,['喜剧'],['Mariano Laurenti'],"['格洛丽亚·圭达', 'Lino Banfi', 'Alvaro Vitali', 'Leo Colonna', 'Mario Carotenuto']","['nurse', 'sex comedy']",it
259872,肌肤有如阳光,Des jours plus belles que la nuit,一个色情片导演尝试用记录片的手法，用三个短片记录了性爱的魔力 ……,2009-10-10,195.59,5.6,56,/uCkANtG6ezb7hjRKVudY3PUcbvn.jpg,/dzY2ZYyPRbXcw8UOupHK3V5VQYk.jpg,53,['爱情'],"['Jennifer Lyon Bell', 'Murielle Scherre']","['Wim van Damme', 'Floor Wyns']",[],fr
1164355,Lembayung,Lembayung,,2024-09-19,165.916,7.8,7,/yU972Q6d4B5qFgcg1qYvZqMwxUk.jpg,/1LSMstNHwJnJD7tpnb8gZcgGNQR.jpg,123,"['恐怖', '惊悚']",['Baim Wong'],"['塔斯卡娅·纳米亚', 'Yasamin Jasem', 'Arya Saloka', 'Anna Jobling', 'Daffa Wardhana']","['based on novel or book', 'haunting', 'female protagonist', 'hospital', 'ghost', 'haunted hospital', 'terror', 'based on twitter thread']",id
1241320,王者天下4,キングダム 大将軍の帰還,这次剧情会是前作未完的「马阳之战」的故事，这次会赵国的大将-庞煖以及策士李牧为主轴，李信所率领的「飞信队」也将于此役与敌人展开激斗。,2024-07-12,177.888,6.9,374,/9bMwpsYidkTotBumQe5KywY0c5a.jpg,/uOQgMhYyu7dkXdHoRkCqZIF32M6.jpg,146,"['动作', '冒险']",['佐藤信介'],"['山崎贤人', '大泽隆夫', '吉泽亮', '桥本环奈', '清野菜名']",[],ja
1241752,丽塔,Rita,当丈夫阿列尔（Ariel）在国外工作时，丽塔（Rita）发现自己独自一人非常寂寞。 他们都在其他人身上找到安慰和性满足。 阿列尔回来时，他们都表现得好像什么都没发生过。 但这样能防止他们的婚姻破裂吗？,2024-03-22,178.422,6.7,13,/grIFQLXXwQmjvYYfXVXCgGTMUWw.jpg,/5AsIFZ2AJC7JcGpq40aRPuRuaRc.jpg,113,['剧情'],['Jerry Lopez Sineneng'],"['克莉斯汀·贝尔马斯', 'Gold Aceron', 'VR Relosa', 'Josh Ivan Morales', 'Sahil Khan']","['threesome', 'lgbt', 'sexy', 'bl']",tl
1196470,只要活着,Survive,一对夫妇在他们的船上，在浩瀚的海洋中庆祝儿子的生日。突然，一场猛烈的风暴袭来，从深海中带来了饥饿的生物，他们不得不奋力求生。,2024-06-19,173.274,5.9,153,/901kRttzfLScns7ss7RyKqG6d2A.jpg,/csQSGH0QU8D3Ov5YLEYuHep8ihA.jpg,90,"['科幻', '惊悚', '冒险', '动作']",['弗雷德里克·雅尔丹'],"['艾米莉·德奎恩', '安德烈亚斯·皮茨曼', 'Lisa Delamar', 'Lucas Ebel', 'Arben Bajraktaraj']",[],fr
1280672,倒霉日,One of Them Days,当最好的朋友兼室友德鲁和艾莉莎发现艾莉莎的男朋友挥霍了他们的房租时，这对搭档不得不在时间紧迫的情况下采取极端措施，以避免被驱逐并维持他们的友谊。,2025-01-16,185.392,6.871,62,/hMJRFQarUL73K6FIbhvO4A8uEvm.jpg,/nK7LThZCiyJfVoiKm5ahGU2qjfG.jpg,97,['喜剧'],['Lawrence Lamont'],"['琪琪·帕玛', 'SZA', 'Joshua David Neal', 'Aziza Scott', 'Patrick Cage']","['roommates', 'female friendship', 'rent', 'best friends', 'hilarious', 'farcical', 'vibrant']",en
799766,更好的人,Better Man,《大娛樂家》麥可格雷希執導，講述近二十年最偉大的英國流行巨星羅賓威廉斯的崛起，從年少時心懷雄心壯志，到成為偶像男子天團成員，經歷快速成名與退團風波的跌宕，直至如今創造輝煌個人成就的精彩歷程。,2024-12-06,192.515,7.7,262,/vd2H9yGGXefbXXSs1mLIeNzd7S9.jpg,/3QeuagbU1YARTkGrPS4dvYSQGZi.jpg,134,"['音乐', '剧情']",['迈克尔·格雷西'],"['罗比·威廉斯', '约诺·戴维斯', '史蒂夫·佩姆伯顿', 'Alison Steadman', '凯特·马尔瓦尼']","['depression', 'yacht', 'drug addiction', 'musical', 'biography', 'family abandonment', 'drugs', 'monkey', 'teenage boy', 'pop music', 'price of fame', 'girl group', 'boy band', '1980s', '1990s', 'arrested development', 'self-harm', 'father son relationship', 'mother son relationship', '2000s', 'grandmother grandson relationship', 'based on real person', 'based on real events', 'гомосексуал', 'гей-клуб']",en
809,怪物史瑞克2,Shrek 2,　　很久很久以前……史莱克和他拯救的费奥娜公主结婚了。夫妻俩甩下超级电灯泡加扩音机的驴子，去渡蜜月。小两口卿卿我我，甚是甜蜜。当他们返回沼泽地，收到一封来自“遥远国”的邀请函。费奥娜的父母哈沃尔德国王和莉莲王后想请分别许久的女儿和从末谋面的乘龙快婿回娘家看看。于是这对怪物夫妻乘坐马车浩浩荡荡地赶往“遥远国”，当然还得带上他们最丢不起的驴子。正当“遥远国”人们兴高采烈地准备迎接美丽的公主和帅气的驸马爷时，居然从马车上走出一对怪物来……于是一系列故事又开始了。,2004-05-19,175.31,7.286,12511,/8C2UUdusew8s5EB0PqF17zCl0UL.jpg,/iaNoLnnpQb5SNxGc4bkQmdCvEdG.jpg,92,"['动画', '家庭', '喜剧', '奇幻', '冒险']","['康拉德·弗农', '凯利·阿斯伯里', '安德鲁·亚当森']","['迈克·梅尔斯', '艾迪·墨菲', '卡梅隆·迪亚兹', '朱莉·安德鲁斯', '安东尼奥·班德拉斯']","['prison', 'princess', 'magic', 'kingdom', 'fairy tale', 'liberation', 'transformation', 'honeymoon', 'prince', 'villain', 'parents-in-law', 'enchantment', 'sequel', 'anthropomorphism', 'dragon', 'ogre', 'fairy godmother', 'cartoon donkey']",en
604685,贼巢2,Den of Thieves 2: Pantera,STX犯罪惊悚片[贼巢]将拍续集，首部主演杰拉德·巴特勒、导演兼编剧克里斯蒂安·古德加斯特回归，小奥谢拉·杰克逊有望回归出演。[贼巢]于上月北美上映(截至目前全球票房5700万美元），故事围绕一组洛杉矶精英警察与加州最老辣的银行抢匪之间的故事展开。首部幕后班底将继续操刀续集制作。,2025-01-08,162.141,6.7,299,/6l5fR5alRSWcWtOTSvNo4G6zXy7.jpg,/mKIxSo3p1QKlsdegcOwapcbiV74.jpg,144,"['动作', '犯罪', '惊悚']",['克里斯蒂安·古德加斯特'],"['杰拉德·巴特勒', '小奥谢·杰克逊', 'Evin Ahmad', 'Salvatore Esposito', '梅多·威廉姆斯']","['diamond', 'ex-cop', 'heist', 'vengeance', 'crime', 'vibrant']",en
